budget(in million(50)),price of ticket in(dollars(25)),popularity(in percentage(100)),estimated revenue(in million dollars(25)),market share(in percentage(30)),risk factor
32,1,81,24,30,72.13858
35,23,49,13,19,59.8602
27,25,26,22,7,46.30864
49,4,73,19,11,67.49106
20,1,79,9,15,53.45805
13,25,98,24,20,77.65356999999999
38,24,20,20,6,46.77367999999999
39,23,88,25,19,83.77096
42,16,11,13,3,36.86455
31,19,34,23,25,56.63817999999999
36,24,54,23,9,63.20339
28,16,55,22,12,57.461760000000005
36,25,32,13,8,49.32148
36,2,31,18,28,49.157999999999994
44,17,23,21,12,50.50696
9,4,92,4,10,51.43314999999999
31,17,8,2,30,37.35917
26,19,70,23,1,60.39928999999999
6,8,89,9,28,60.02378
28,9,8,6,24,31.88756
5,3,16,6,23,22.3525
12,2,18,20,26,33.13218
20,1,23,11,15,29.983329999999995
45,11,67,22,30,75.18211
48,7,31,7,16,46.908559999999994
43,10,31,1,16,43.43007
36,19,16,8,18,41.63154
38,4,60,3,12,50.50522
10,14,76,18,17,58.18033
49,4,16,11,10,38.828829999999996
9,8,26,13,13,29.60808
5,9,29,2,24,29.277769999999997
13,14,36,1,30,39.96651
16,5,48,9,29,45.64859
21,8,44,12,23,46.26338
16,12,23,18,24,39.71288
17,20,88,10,9,62.331959999999995
33,17,11,1,3,28.16874
50,11,27,6,22,49.77204
34,9,99,25,20,80.69774
31,13,96,15,13,72.64662
27,10,34,10,16,41.691109999999995
42,19,4,16,14,40.88276
48,6,14,6,28,43.50628
37,3,46,6,23,49.306740000000005
14,14,85,6,6,54.1616
45,9,7,11,7,34.1365
10,4,22,10,1,20.403209999999998
10,14,30,25,9,37.98849
3,20,51,10,25,46.63718
45,15,12,22,11,45.32037999999999
39,17,64,9,3,57.29592
30,6,87,1,13,59.16913
26,16,37,9,8,41.49570000000001
15,20,31,19,11,41.40616
1,1,61,12,21,41.105599999999995
16,23,34,8,18,42.49998
50,22,83,17,17,81.65713
5,5,60,4,20,40.265649999999994
20,11,79,9,20,59.8292
7,20,58,3,20,46.351749999999996
30,3,55,1,7,41.52519000000001
30,1,96,25,25,76.20069
14,9,71,19,24,58.84054
15,10,27,2,7,26.309319999999996
2,1,80,14,13,47.43133
8,18,53,15,19,48.55629
31,1,13,19,16,34.30179
13,11,31,21,26,43.56559
3,13,7,2,17,17.749740000000003
16,23,10,17,13,33.95595
25,6,19,2,7,25.440379999999998
26,25,19,17,25,47.94305
34,11,17,13,14,38.2738
16,8,26,23,18,39.02342
46,9,100,25,23,87.56407
50,25,96,8,28,89.15213999999999
48,11,5,24,17,45.141110000000005
23,2,28,9,12,31.81199
2,24,52,10,23,47.56643
24,5,55,25,23,56.69785
40,20,98,6,25,81.41631
42,9,25,17,30,52.57611999999999
12,24,70,10,22,59.3343
32,18,72,11,10,61.868140000000004
42,7,7,15,18,38.15464
48,10,51,19,1,56.052870000000006
44,14,61,22,3,62.513850000000005
1,6,15,4,12,16.16057
21,1,28,3,8,26.27977
20,21,49,24,15,55.63285
28,13,71,20,5,59.40998999999999
43,17,41,25,9,58.42198
40,20,54,1,19,57.68589
48,16,38,17,5,53.759389999999996
26,23,94,9,3,67.29383
25,25,63,11,6,56.33615
5,8,7,1,20,17.22525
8,13,72,13,21,54.582350000000005
30,5,92,7,13,63.51680999999999
42,23,9,21,25,51.42193
26,17,52,20,23,59.30587
5,17,72,1,3,42.5131
34,12,50,4,1,43.878809999999994
11,7,50,12,24,44.494069999999994
41,25,84,21,8,77.57916999999999
13,3,83,13,7,51.52386
24,16,71,13,2,54.7171
42,20,45,9,7,53.26387
48,21,74,23,27,83.09709000000001
27,4,63,15,3,48.601400000000005
6,22,76,1,23,54.95615
10,14,95,16,21,67.18957
10,23,87,15,12,63.54638
25,3,15,3,2,20.80819
3,20,82,22,22,64.11672999999999
39,6,96,18,1,69.52866
11,5,71,15,22,53.24857
28,14,54,24,19,59.860730000000004
10,9,84,23,21,63.277649999999994
19,20,52,23,15,55.63272
13,19,11,7,18,29.02343
4,12,45,3,10,31.870420000000003
49,17,4,17,30,49.968149999999994
41,9,78,9,25,69.67916
10,12,71,2,4,42.91822
9,20,39,16,27,47.447540000000004
38,7,49,22,19,58.122189999999996
2,9,68,7,2,38.19616
35,6,69,1,15,54.3276
15,21,23,8,3,30.342
5,22,98,10,2,59.49782999999999
2,9,50,4,6,30.68596
10,3,99,17,17,62.96217000000001
36,5,80,25,3,64.68729
37,22,64,6,26,66.60575
11,22,76,9,28,62.63235
31,3,42,15,2,40.371849999999995
36,9,36,17,20,50.70152
41,13,31,1,16,43.864689999999996
41,14,36,16,11,50.971059999999994
24,2,15,6,3,21.647889999999997
34,1,78,10,15,59.54491
24,14,63,19,26,62.69366000000001
45,5,54,24,5,57.67228
50,7,60,8,9,57.98625
21,17,91,5,6,60.682669999999995
5,16,47,25,2,41.240790000000004
29,24,27,24,19,52.90526
46,3,5,2,27,35.27611
27,11,84,2,19,61.5978
28,15,36,13,6,42.425419999999995
39,5,62,15,11,57.05695999999999
1,16,18,18,23,32.351820000000004
5,23,25,12,15,34.329860000000004
26,20,89,4,9,64.07081
50,2,60,19,6,59.38108
2,6,9,21,24,26.2361
42,17,77,25,25,80.11376999999999
31,15,89,5,20,68.95855
20,19,19,6,7,30.657089999999997
37,1,44,4,17,44.26951999999999
10,22,86,23,12,66.15534
1,1,13,23,6,18.949990000000003
35,22,54,21,28,68.72058999999999
25,15,75,7,12,57.89513
13,13,85,14,24,64.05673
43,25,30,5,21,53.27929999999999
50,20,55,13,21,68.49549
32,8,83,9,29,69.12427000000001
11,17,9,24,28,37.85451
24,5,22,13,19,35.51533
15,24,76,18,5,59.8439
10,6,57,4,4,35.093419999999995
42,12,70,23,7,66.74131
38,10,57,13,28,62.63401999999999
50,5,5,2,18,34.241519999999994
15,9,98,21,8,65.40571
13,23,13,21,5,32.45668
23,20,54,16,5,51.14974
39,13,85,21,26,79.21393
18,15,3,21,13,30.04389
10,19,17,24,7,33.26635
19,25,20,24,27,49.187560000000005
12,6,78,24,14,57.835980000000006
7,6,64,6,20,44.17839000000001
1,19,19,1,22,26.294309999999996
37,17,78,5,24,69.27385000000001
39,3,59,11,18,55.97769
4,21,85,20,2,57.32498
37,23,33,6,20,51.13541000000001
19,5,28,10,25,37.07414
31,24,62,23,19,68.5552
34,13,3,6,28,35.68062
2,13,66,15,6,44.16316
5,9,17,1,22,22.81675
31,5,30,20,23,46.699239999999996
43,13,18,20,25,50.987179999999995
26,6,48,16,16,48.21234
39,15,41,10,2,46.45792999999999
46,6,95,2,22,73.68111999999999
12,4,8,12,22,24.55686
15,21,68,10,14,55.22669
4,19,5,8,22,24.55614
2,22,67,13,11,49.66470999999999
42,3,62,13,29,63.908449999999995
50,13,65,13,17,68.18048999999999
34,24,78,23,6,71.55276
34,12,29,19,7,43.70043
16,5,61,10,22,48.90122
23,9,72,3,30,58.660129999999995
35,15,57,6,27,60.05492
40,20,12,13,26,47.47878
42,24,26,4,15,47.80739
31,10,72,5,24,61.01387
37,7,63,1,4,48.57085000000001
2,11,3,7,2,10.8088
8,24,54,19,26,56.17206
42,25,43,22,24,67.10186
43,20,10,19,18,47.284130000000005
5,16,33,13,21,37.628119999999996
33,7,17,8,4,29.87825
28,20,84,1,29,69.55815
14,3,50,10,15,39.54679
9,4,22,24,20,33.74665
45,21,25,24,18,57.283190000000005
42,12,50,10,29,61.29989
9,4,59,17,10,42.73979
6,12,85,21,5,55.93121
7,25,51,14,19,49.86032
39,20,58,7,19,61.5988
49,23,82,23,30,89.09343
29,18,93,14,5,68.9734
32,15,77,18,14,67.40034
50,17,1,6,6,34.601
33,16,65,8,15,59.10998
36,25,61,14,3,60.33921
41,7,20,17,30,49.09831
33,1,28,15,8,36.71461
3,16,75,10,12,50.06931
13,1,83,14,27,59.18502000000001
31,12,69,22,30,70.39949
6,6,48,11,24,40.58126
42,15,84,12,3,67.72959
9,7,34,6,26,34.86979
15,12,80,5,17,55.57122
22,25,1,17,26,38.7838
13,10,9,1,5,16.37044
17,20,65,15,4,52.48345
10,12,28,11,1,26.92409
6,13,30,20,28,41.3317
16,14,44,13,13,43.08475
23,8,87,18,4,60.743669999999995
40,12,17,15,30,48.66337999999999
45,25,30,6,29,57.82196
32,7,55,25,13,56.997550000000004
9,1,89,4,10,48.82483
29,20,17,15,23,44.52514
2,20,20,5,14,26.0994
49,23,31,19,17,59.921240000000004
11,15,33,7,24,38.40759
16,8,10,20,22,32.38266
34,8,65,4,29,59.99484999999999
48,10,6,12,13,38.30435
34,25,69,10,6,62.422599999999996
1,2,33,15,5,24.19592
47,16,97,15,9,79.72265999999999
34,20,90,1,14,68.70324
26,8,47,7,11,42.709909999999994
35,14,75,6,24,66.23079
18,2,87,23,21,65.01693
38,23,95,8,7,74.13014999999999
33,24,57,24,6,62.42367
14,14,60,25,10,53.173959999999994
33,22,78,21,29,78.68912
6,3,80,22,8,51.494299999999996
34,10,71,5,24,61.88346
5,11,72,10,21,51.10419999999999
48,16,91,18,11,79.66309000000001
8,1,43,1,13,28.30291
5,8,98,23,5,60.27851999999999
1,13,57,4,29,44.34327999999999
14,9,89,12,4,55.5261
50,12,58,23,28,73.50342
48,25,3,24,26,54.00086000000001
34,1,83,10,5,57.67061
28,17,70,2,1,51.268589999999996
41,24,53,2,22,61.073989999999995
15,2,17,21,23,33.2222
16,16,34,18,25,46.63847
19,14,46,8,20,45.91803
27,2,58,21,11,51.40548
21,17,76,2,6,52.85746999999999
11,17,98,22,29,76.07978
7,15,77,22,21,61.10382
12,6,21,14,29,34.780789999999996
19,6,10,13,26,31.39309
9,16,25,6,30,36.488949999999996
24,6,84,10,23,63.21745
33,22,52,2,13,52.648559999999996
8,19,75,19,10,56.65094
39,4,27,10,22,43.68573
15,8,25,20,12,34.420790000000004
16,10,50,6,1,36.05311
48,19,79,13,11,73.57661
14,5,20,8,13,25.69545
2,11,82,5,19,51.163509999999995
30,25,30,8,29,52.17000999999999
27,11,67,24,28,67.41627
38,19,40,11,2,47.762119999999996
46,11,66,12,11,63.14314999999999
30,6,54,23,23,58.43687
38,1,14,6,17,32.532289999999996
41,4,10,22,21,41.97784
37,6,14,4,20,34.61589
32,20,29,14,24,51.01608
49,6,42,19,8,53.66981
15,19,99,7,6,63.29085
37,21,11,19,9,41.90184
35,5,59,7,1,46.48741999999999
48,25,18,22,5,51.15147
1,2,93,20,20,58.524969999999996
48,3,10,23,13,41.782990000000005
18,25,86,24,12,71.37245999999999
31,13,50,18,8,51.92995
32,17,15,23,15,43.89593
24,1,37,20,4,37.269
27,17,61,5,9,51.46406
37,6,39,25,13,51.78116
34,22,18,24,23,51.91635
35,1,42,9,16,44.29975
31,18,77,10,16,65.60091
7,5,44,5,16,32.995309999999996
23,7,40,25,28,52.635670000000005
18,18,69,24,28,67.41582
47,17,17,10,28,50.896789999999996
14,6,36,16,24,41.01678
41,21,15,20,22,51.07687
2,22,26,8,18,32.50072
37,21,61,6,25,64.46208
6,23,57,13,12,47.8961
49,19,15,25,24,56.66917
15,6,36,4,20,34.61479
9,22,20,11,11,31.40666
24,16,88,6,27,69.18349
4,20,30,18,30,43.44517999999999
19,25,57,22,1,53.87806
48,25,48,8,23,65.39209
29,2,49,6,7,40.221379999999996
24,4,79,12,25,61.85359
38,15,42,14,27,58.31683
41,3,81,22,4,65.52681
50,11,87,1,12,69.63333999999999
3,6,33,18,23,35.39496
10,12,15,20,19,32.47215
43,9,71,19,2,62.54349
48,9,34,2,25,50.55127
13,18,87,22,12,65.72068999999999
1,4,21,5,11,17.92946
38,17,13,5,27,42.66619
42,20,44,10,17,57.31185
43,3,33,10,5,40.71698
21,24,44,15,11,49.66582
13,22,67,9,22,57.16067
49,18,93,12,5,76.7992
9,16,70,12,27,57.44578
48,14,64,7,25,67.94046999999999
50,10,4,13,7,36.310509999999994
47,15,82,24,22,81.94260999999999
15,11,61,16,28,56.11231
16,2,32,17,3,30.342769999999998
21,2,91,18,20,65.48133
9,14,49,24,4,43.35465
46,14,34,3,26,52.69492
41,25,61,12,18,67.71530999999999
29,15,31,1,27,43.96958
25,2,81,18,10,58.825309999999995
50,2,89,9,5,67.23517
45,22,88,1,16,74.29529
47,7,54,9,17,57.74674000000001
34,18,26,13,2,40.37184
36,6,34,16,17,46.878750000000004
12,23,87,3,17,61.22227
36,17,4,13,19,38.124249999999996
30,17,26,12,29,48.692569999999996
3,16,61,11,5,41.5845
35,20,20,25,10,47.52365
10,11,21,15,10,28.82864
49,7,75,3,9,61.89828
22,21,18,22,5,38.10857
29,12,95,24,24,79.27353000000001
33,20,17,6,25,43.1606
40,25,92,21,24,87.0988
18,19,90,8,26,69.21328
33,6,37,9,10,41.00147
25,20,67,6,30,63.44239
31,14,59,7,4,49.875189999999996
10,10,36,7,11,31.84111
34,3,6,23,15,34.766909999999996
12,9,52,16,17,45.57339
21,7,94,9,24,66.66505000000001
11,19,60,9,16,49.515190000000004
10,5,40,7,16,33.43034
47,3,42,25,15,56.93844
22,13,29,6,20,38.52778
36,6,89,7,19,67.68473
8,11,70,22,22,57.16146
50,7,17,25,10,47.08968
36,18,53,15,29,64.77775
35,10,72,8,29,66.0813
18,2,55,15,27,50.05623
43,20,43,4,18,55.10789
32,12,82,1,30,67.35482
36,8,15,22,13,40.47815
40,14,15,20,25,48.81343
38,17,88,22,23,81.04262999999999
10,13,67,5,4,42.918459999999996
50,22,56,21,26,75.30199999999999
44,1,55,1,14,49.57606
32,11,90,14,9,67.54967
32,10,98,2,6,64.16073999999999
38,12,29,21,10,47.52348
20,4,18,14,7,27.179969999999997
1,5,31,12,16,27.77893
4,15,71,6,25,51.85355
39,12,10,17,6,36.34020999999999
7,3,71,3,10,40.56497
34,13,61,4,21,57.19125
38,1,85,1,22,63.24736
48,5,3,20,28,44.37684
23,18,74,4,20,59.82894999999999
26,12,77,25,20,68.95989999999999
29,13,99,24,12,76.58964999999999
9,4,13,2,6,14.60151
42,22,50,14,23,64.95755
10,1,15,17,10,22.74272
22,12,25,23,25,45.769729999999996
32,21,85,4,29,73.47107
17,17,38,19,18,46.84811
20,18,86,20,25,72.72202999999999
3,18,96,7,25,64.02574
27,18,44,9,24,52.31959
43,12,59,4,24,61.01438999999999
41,25,57,12,3,59.90458
27,25,100,16,29,84.7745
24,6,29,15,27,43.10101
36,13,100,25,9,79.28819000000001
13,4,37,9,28,38.722849999999994
29,20,79,10,16,66.47025000000001
22,8,54,14,5,44.62873
47,16,51,1,18,57.28145
29,10,8,12,18,32.937110000000004
22,25,75,7,28,67.41466
27,5,89,2,7,56.3056
46,23,26,22,13,56.128569999999996
21,22,85,19,18,71.19263000000001
38,14,16,12,8,38.01878
48,7,49,19,16,59.95112
36,16,17,7,20,41.13687999999999
46,13,62,20,14,66.96647999999999
46,12,25,3,19,45.07947
6,21,48,9,7,39.35103000000001
46,10,63,3,2,53.84796
22,23,31,17,2,41.241
18,9,4,1,24,23.626979999999996
36,8,64,25,12,62.67904000000001
18,6,64,19,1,46.92225
6,10,56,4,5,35.063289999999995
21,15,25,4,8,31.49649
16,17,91,9,29,69.55819000000001
39,24,36,21,29,63.908939999999994
7,10,96,5,1,51.7025
11,15,10,17,4,24.66123
11,20,94,18,29,73.90586
10,7,6,13,19,23.34247
24,2,41,22,17,45.57447
42,10,57,13,8,56.2773
38,18,33,20,14,53.05504
40,12,78,8,9,63.63711
31,22,15,17,23,46.26428
48,19,18,7,23,49.30737
18,13,86,6,19,61.16295
8,22,28,10,25,39.68191
6,19,81,25,17,63.83205
24,22,31,2,6,36.77298
38,2,33,25,27,53.53579
35,8,15,24,13,40.912980000000005
6,6,47,8,17,36.008610000000004
50,3,49,19,2,53.414719999999996
11,23,16,23,8,34.97527
25,17,2,16,25,36.20548
27,13,96,7,19,69.85788
11,22,55,5,25,50.54966
20,10,57,2,7,41.524770000000004
35,17,18,18,27,49.18788
24,21,26,6,15,39.54697
38,5,65,8,11,54.882749999999994
12,1,40,16,15,36.06941
29,8,86,13,10,63.172309999999996
34,10,17,7,2,30.372800000000005
29,3,30,18,6,37.20923
31,8,59,17,22,58.90109
7,17,87,13,3,55.12104
16,7,61,18,19,52.03469
26,1,21,13,3,27.73463
17,2,100,16,16,65.16597
29,14,86,12,12,66.15541
29,15,81,12,21,68.05963999999999
36,18,81,24,3,70.33856999999999
36,18,13,16,1,36.48963
1,13,17,1,16,20.38781
44,15,99,21,19,85.50977
49,15,77,2,8,65.40588999999999
1,12,10,15,12,21.378089999999997
6,14,49,3,8,34.5387
8,4,25,10,7,23.266569999999998
12,15,60,12,11,47.49152999999999
44,5,77,5,23,66.26109
45,16,72,8,24,71.01337
38,18,3,16,12,37.46466
38,15,17,21,30,51.7068
41,12,6,12,14,36.53519
5,2,89,17,4,50.744130000000006
29,13,68,6,4,52.048610000000004
9,9,83,14,23,59.30454
6,18,18,20,9,30.59765
46,8,88,22,14,76.96520000000001
39,7,11,13,22,39.33877
17,1,80,6,24,54.92717
27,15,84,16,28,73.06699
2,10,52,8,9,34.943690000000004
47,21,1,24,19,48.12424
25,16,78,21,17,67.74516
49,15,56,16,26,69.65019
35,25,75,17,24,75.79551000000001
41,1,79,8,13,61.34384
50,24,81,25,4,79.87325999999999
28,5,33,3,8,33.235640000000004
17,22,13,18,22,39.338069999999995
10,20,66,25,19,60.294630000000005
35,19,37,8,7,45.8732
36,15,83,19,13,71.77775
40,15,88,13,12,72.67683999999998
38,8,51,15,5,50.715689999999995
45,3,1,3,21,31.10852
43,19,18,17,24,51.88631
29,16,37,17,28,54.374210000000005
25,18,96,13,15,72.15158
18,2,49,13,5,37.672929999999994
32,9,67,23,29,68.69067
8,16,44,18,17,44.26919
17,23,13,14,17,36.00964
39,5,3,8,23,33.222359999999995
39,7,98,17,18,77.27945
18,18,26,22,13,41.78141
4,11,14,11,1,17.794669999999996
47,25,41,16,6,58.51125
4,6,42,18,3,31.64641
31,3,72,4,15,53.89291999999999
12,25,47,18,4,45.96264
34,4,15,15,9,33.20697
19,8,24,6,2,25.590049999999998
14,19,86,13,11,61.837469999999996
21,22,62,8,2,49.93462999999999
7,3,81,7,5,44.627419999999994
3,9,63,16,14,45.228010000000005
36,16,14,25,2,40.372899999999994
2,8,87,18,3,51.208709999999996
45,1,52,24,21,61.5406
30,25,32,3,14,44.7936
28,4,89,11,18,64.67154
38,11,9,14,15,37.37470999999999
14,4,40,8,5,30.71681
49,22,23,5,20,51.13593
1,2,3,1,2,3.85275
44,2,70,9,12,59.20040000000001
27,25,62,17,19,64.64204000000001
36,24,20,2,17,42.53043
29,25,13,8,2,33.41567
9,17,13,20,18,32.936749999999996
1,14,5,1,17,16.01068
36,16,6,13,3,32.08233
47,16,9,1,25,41.85674
24,3,24,21,9,34.94583
1,17,78,3,18,50.32379
25,10,91,10,26,69.64851
35,21,81,9,28,74.80571
10,18,19,9,13,29.60781
50,16,94,10,16,80.38234
36,5,60,13,26,60.08546
6,18,95,17,17,66.00501
38,15,80,16,3,65.99083
43,8,46,18,26,60.52093
27,6,43,5,9,38.85718
35,15,57,15,21,61.539379999999994
32,12,84,24,16,72.55760000000001
46,17,82,2,27,74.83563
21,17,13,2,21,31.541959999999996
35,9,21,16,5,37.2393
8,19,1,1,25,22.727109999999996
33,2,47,19,15,49.98174
39,5,4,21,12,34.856790000000004
36,24,12,3,26,43.13058
34,11,4,8,27,35.71071
41,4,86,5,10,63.17227
20,12,8,6,27,30.92793
47,10,90,19,13,77.42966
22,24,62,9,27,61.79339
4,1,13,5,21,18.49975
20,7,10,20,11,29.234329999999996
21,2,50,5,11,38.3623
3,1,64,20,9,41.90022
25,6,73,8,24,58.40549
43,22,53,6,19,61.59892
39,3,41,16,10,47.088409999999996
24,25,98,15,10,74.47494
4,21,56,2,23,45.392289999999996
45,16,80,15,11,72.27246000000001
22,12,19,2,11,28.36355
20,25,23,1,2,30.80634
25,4,78,8,16,56.471329999999995
44,12,71,19,29,75.21175000000001
33,12,100,10,26,77.90859
12,24,89,18,17,69.04843
12,5,89,12,6,53.72726
24,24,39,13,14,49.1413
14,17,10,10,22,31.077599999999997
22,23,5,7,20,32.8765
1,14,82,4,2,44.71666999999999
36,23,81,10,5,67.23455
50,7,7,22,12,42.24766
25,11,80,21,2,60.36915
16,8,31,4,11,30.10229
16,18,81,5,27,63.09693
41,22,4,25,7,42.83181999999999
49,13,37,24,15,59.54678
42,11,30,10,25,50.55161
25,17,78,1,6,55.03119
45,24,15,4,23,47.568099999999994
35,24,79,3,24,71.01247000000001
39,22,40,10,20,56.35247
23,25,94,24,22,81.07197
8,11,5,20,20,27.22548
46,16,57,12,9,60.59469
18,5,12,14,22,30.20868
36,13,21,1,5,32.890950000000004
37,6,71,8,20,61.13413
45,10,100,14,16,79.94769
7,19,87,24,22,68.46428999999999
30,7,67,3,5,48.540729999999996
17,5,67,24,19,56.81714
35,25,18,15,24,50.14686999999999
37,20,25,11,16,46.90833000000001
14,12,40,6,8,34.539339999999996
35,15,67,23,20,68.96019
15,15,72,23,7,57.17612
33,20,51,17,1,53.008919999999996
43,21,5,1,22,39.33801
11,2,88,17,18,58.585089999999994
27,3,84,25,26,70.95397
26,16,89,18,12,69.6335
40,2,9,10,28,37.854839999999996
48,3,67,11,15,62.15401
14,23,58,4,7,45.87182999999999
31,15,69,9,14,59.57461
4,25,31,2,8,30.191319999999997
32,14,8,6,9,29.728389999999997
16,4,95,23,22,68.89938
19,12,21,14,14,34.36064999999999
42,24,68,9,8,65.40610000000001
27,23,86,21,27,79.1834
36,21,86,10,6,68.9435
27,1,28,16,11,35.75516
40,24,91,9,1,71.70159000000001
16,12,73,2,1,45.181909999999995
19,17,24,17,14,39.142810000000004
39,16,2,8,8,31.497709999999998
30,3,5,19,10,28.82996
37,18,48,21,16,60.385450000000006
30,13,7,12,6,29.383840000000003
28,9,80,23,8,64.10236
7,4,73,17,29,55.64733999999999
14,8,72,22,19,58.12099
41,21,7,6,8,35.84485
30,19,20,24,9,44.07549
7,23,89,16,23,67.999
20,12,59,20,27,59.185849999999995
26,23,86,18,6,68.94364
46,12,1,18,20,41.57298
2,12,97,20,22,65.85539999999999
11,7,64,20,15,50.41544
46,21,87,23,2,77.75916
23,9,62,16,1,48.22642
19,21,27,12,5,36.368739999999995
12,24,17,25,3,35.12513
17,25,94,5,21,69.79736
10,9,58,25,13,49.606210000000004
21,6,19,21,28,40.463089999999994
16,10,33,13,4,32.92084
3,8,4,12,8,14.97687
39,4,49,16,15,53.02484
7,16,89,16,1,56.050580000000004
19,12,4,4,15,23.0272
16,22,74,1,3,50.33861
25,21,93,16,8,70.62245
8,14,69,23,3,50.77469
36,17,91,13,24,77.96884
14,4,61,9,4,39.87594000000001
32,11,98,4,17,69.91774999999998
50,23,18,8,17,49.92185
23,13,84,6,4,56.39551000000001
12,14,84,6,13,55.690870000000004
48,13,56,17,3,59.47061000000001
23,5,37,23,22,47.16373
19,19,5,11,16,29.953349999999997
24,15,65,6,30,59.96458
18,5,92,8,6,55.900839999999995
14,23,84,1,25,63.15637000000001
11,18,77,9,29,61.73298
44,4,53,7,6,49.38126
28,20,1,2,11,26.624969999999998
17,23,42,1,2,36.89227
8,6,96,14,27,64.83613
28,9,37,8,23,44.959250000000004
10,4,23,3,10,21.437440000000002
10,1,4,5,21,17.19589
36,18,49,3,26,56.606899999999996
30,10,66,2,17,53.83285
48,24,83,19,25,85.76495
28,10,20,23,16,41.6922
14,21,57,15,5,48.54089
28,12,63,1,14,50.87942
42,2,9,10,20,35.486059999999995
43,3,69,1,30,62.57345000000001
14,13,48,25,15,49.546549999999996
11,25,21,20,12,38.33307
10,16,6,25,23,34.09171
23,25,57,6,17,55.13698
42,16,3,7,28,40.89774
46,6,97,14,13,76.12504999999999
7,3,76,6,11,44.447759999999995
48,16,70,13,4,65.52644
31,13,59,25,24,65.36267000000001
16,22,17,7,24,36.66896
48,2,64,13,11,59.665569999999995
40,6,95,8,21,73.27651
17,14,7,15,24,32.75717
17,3,68,19,1,46.922200000000004
42,22,36,22,19,60.730709999999995
18,6,19,23,30,40.837959999999995
49,6,48,4,27,57.44714
29,6,90,7,16,63.861689999999996
18,22,12,12,27,38.75327
33,11,88,4,4,60.74304999999999
19,15,24,21,20,42.44131
33,18,42,11,28,56.54753
36,22,22,10,16,45.60404
32,17,41,14,3,46.42797000000001
8,24,29,15,10,37.08822
41,22,5,7,3,33.82098
22,6,22,17,14,34.79576
30,20,89,15,13,72.21185
28,18,31,7,23,45.82861
36,15,13,5,8,33.2362
3,7,100,1,13,53.516420000000004
23,22,64,19,24,65.36179
25,22,30,24,7,46.74342
39,14,35,23,30,60.40141
48,22,75,22,4,74.22156
48,9,10,9,29,44.78075
17,11,99,3,11,60.96738
25,4,85,22,20,67.22073
9,19,33,22,12,40.941449999999996
6,21,14,21,3,28.16899
14,15,3,2,8,18.01966
19,23,85,15,3,62.94676
40,2,34,21,20,50.26732
44,19,99,5,16,79.07748000000001
1,4,89,25,20,59.829530000000005
37,13,29,16,28,52.63565
43,17,36,10,19,53.77428
15,16,80,12,24,63.18722999999999
35,14,29,14,10,44.04501
23,12,38,6,29,46.08342
17,12,43,25,15,48.24254
41,19,58,1,23,61.04398
42,1,99,23,2,72.54232
37,2,62,19,17,59.0512
5,10,50,2,18,36.41287
49,22,73,4,26,74.86587
24,2,75,6,26,57.04126000000001
13,23,60,6,3,45.55694
40,7,57,13,4,52.48444
41,20,37,1,8,46.277730000000005
12,23,91,15,7,64.13085
48,9,71,17,3,64.25253000000001
40,8,100,19,9,76.24486999999999
16,1,84,21,20,61.13412000000001
15,9,35,24,15,42.156279999999995
29,24,18,22,15,46.50402
42,9,60,6,14,56.531879999999994
50,18,30,22,11,56.623349999999995
23,6,17,15,29,38.25917999999999
35,24,60,6,19,62.03324
36,13,16,3,9,33.20611
33,17,4,19,8,34.97605000000001
14,3,69,25,6,50.685359999999996
15,13,70,12,17,54.70234
50,7,6,23,7,40.223789999999994
23,19,88,6,20,67.21934999999999
32,4,25,5,23,38.00369
10,16,68,19,25,59.24513
43,24,84,21,24,84.49063
8,20,90,15,28,69.15348
5,20,94,5,4,55.525090000000006
6,6,82,17,16,54.73222
39,23,63,17,20,69.82934999999999
4,9,24,4,3,19.03841
25,25,51,25,27,65.7073
27,25,10,1,30,39.532489999999996
36,25,14,20,21,49.80239
12,16,20,4,7,25.43989
24,17,35,16,27,50.92605
2,16,89,1,29,58.68885
33,9,93,9,19,70.29306
49,6,81,6,11,66.18586
6,3,30,17,5,26.36993
45,9,3,21,28,45.24621
10,23,81,11,7,57.17491
39,25,18,22,5,47.23854
44,19,87,2,16,72.55644000000001
24,9,71,1,18,52.9331
6,25,52,22,22,54.55304
4,7,82,6,23,52.34813
12,18,100,11,14,66.96406
26,5,28,20,28,45.679899999999996
31,18,57,1,3,47.73104
38,25,32,5,18,50.76052
49,14,53,1,18,58.15099
35,3,4,17,11,30.104280000000003
12,5,5,5,20,19.83424
33,17,3,18,14,36.53527
50,23,92,6,28,85.67422
37,23,56,4,13,57.43084
41,3,96,6,2,64.28123
26,3,35,20,25,46.639129999999994
41,12,75,8,4,60.74377
31,9,72,14,17,61.658820000000006
34,12,3,19,29,41.30309
38,16,17,10,30,47.35871999999999
31,6,85,25,11,68.36008000000001
4,8,69,11,21,48.495909999999995
43,15,37,7,28,55.67827
36,18,5,10,14,35.66534
46,20,47,12,4,55.96242
13,11,19,14,6,27.20955
46,21,46,15,25,65.76741
32,19,99,14,22,80.20217999999998
32,20,95,15,13,75.68971
27,1,99,25,8,69.31911000000001
47,16,43,23,2,56.892649999999996
16,14,69,14,17,56.006710000000005
7,7,41,20,11,37.05864
28,13,37,19,4,43.78992
30,4,20,22,13,38.304249999999996
36,14,10,6,20,36.7896
45,16,98,10,26,83.99526999999999
45,4,40,1,28,50.46125
34,24,8,25,8,42.80154
25,7,42,14,8,41.496050000000004
30,1,81,18,3,57.73091
19,17,89,13,9,63.63646
45,3,92,11,14,71.31290999999999
2,11,84,17,22,58.46492
41,21,40,12,1,49.96588
14,20,78,1,2,49.93372
5,15,69,19,28,58.285650000000004
20,4,61,17,9,47.98691
36,6,83,9,1,58.65979000000001
32,10,33,12,17,44.70463
44,13,30,5,18,47.28306
29,3,99,25,26,78.34431000000001
1,19,25,11,2,25.15483
23,10,67,4,30,57.356049999999996
21,19,89,2,17,63.830960000000005
19,19,95,4,20,67.65370999999999
37,15,34,13,27,53.969500000000004
25,1,61,9,19,49.4261
20,25,31,19,9,44.944030000000005
46,20,22,20,6,49.3824
49,4,48,1,16,50.82061
13,7,92,1,18,56.41031
30,5,88,18,29,73.03737
29,15,88,4,24,68.83865
10,11,73,21,3,51.20935
7,5,82,22,19,58.12064
10,5,21,22,16,31.69266
42,24,2,9,6,35.905
37,19,100,6,16,76.90361000000001
20,15,76,19,2,57.3257
35,20,38,12,14,51.315369999999994
37,18,65,13,2,58.63023
19,15,33,11,22,42.81537
43,8,79,15,26,73.56228999999999
42,23,94,22,5,80.71213
31,10,40,6,23,47.13284
12,12,9,25,2,26.025940000000002
34,18,29,8,7,41.52595000000001
10,15,95,23,2,62.976879999999994
8,21,88,5,13,58.29891
44,9,18,23,21,49.368309999999994
31,23,8,13,29,44.345499999999994
22,10,8,17,20,32.877300000000005
6,16,1,19,5,20.284010000000002
26,2,46,17,24,49.277139999999996
48,11,94,25,27,88.31389000000001
40,9,61,7,17,57.74623
2,14,4,23,24,28.409860000000002
31,16,6,8,12,31.377589999999998
24,24,79,7,6,60.68297999999999
1,25,1,10,26,26.610030000000002
1,1,78,8,28,49.59017
30,24,51,25,18,63.80332
16,9,90,11,29,66.51531
21,6,47,11,11,41.40582
44,17,3,9,21,40.23806999999999
48,12,43,25,29,67.38747000000001
30,11,32,23,3,42.95083
41,19,75,15,24,74.92621000000001
49,17,25,20,4,49.87713
38,9,67,14,7,58.48071
39,1,32,14,27,48.31832
29,2,46,3,23,44.08946
32,14,92,10,5,66.36491
3,6,12,9,13,18.30474
8,6,81,5,22,52.37818
18,25,23,15,17,42.09585
31,3,96,23,15,72.5874
14,6,46,9,5,34.62937
20,3,73,7,3,45.99209
45,16,15,19,16,47.77881000000001
22,18,10,16,20,36.7897
13,5,69,2,26,49.21543
13,5,22,13,10,27.089749999999995
40,17,68,23,7,67.17593
46,6,20,20,5,42.02209
25,18,99,24,16,78.64333
16,7,47,19,27,49.62173
24,23,42,5,16,47.34192
15,12,76,11,20,57.65551000000001
4,14,89,3,21,56.32023000000001
35,24,76,2,25,69.6783
15,24,31,19,30,50.83605
44,12,90,23,4,75.09088
19,23,10,18,13,35.69506
32,8,16,8,20,35.92012
23,15,10,4,24,32.321870000000004
22,20,17,1,4,27.70354
20,6,46,11,10,40.131539999999994
31,5,49,22,14,52.18541
34,13,55,9,1,48.66113000000001
11,21,84,21,16,66.03551
44,19,46,12,21,61.10486999999999
27,14,85,3,29,67.81938000000001
11,18,30,5,12,32.68051
7,24,1,11,24,28.409149999999997
50,20,9,10,28,50.027499999999996
10,10,76,23,21,60.23461
29,8,76,7,2,52.97798999999999
27,2,35,16,14,40.447289999999995
16,19,5,24,10,31.872699999999995
14,11,10,22,10,28.8294
40,20,24,12,1,42.14086999999999
13,16,97,20,16,69.94801
14,15,21,2,1,23.011089999999996
4,5,25,16,19,29.42849
8,21,27,3,22,34.5545
34,12,48,17,12,53.11446
50,21,41,6,6,53.72868
32,11,90,14,13,69.16883
45,9,62,19,28,70.02509
48,22,50,14,22,67.16138000000001
49,16,45,11,23,61.91462
48,3,99,10,13,74.82067
48,14,21,9,22,48.90274
20,7,55,1,30,48.22654
37,19,72,3,24,66.66537000000001
45,16,6,15,12,40.50797
21,14,92,14,6,63.72642999999999
37,9,100,11,12,73.11125
46,21,61,19,12,68.76514
27,18,24,14,19,43.77524
18,6,8,5,15,22.15779
41,2,20,7,29,42.17192
23,8,48,14,18,47.71745000000001
47,7,30,14,23,51.9162
32,17,52,20,23,61.91449
48,9,50,24,21,65.45323
5,8,95,16,9,57.54992
42,13,98,1,19,74.64007
